genes,type,filename
Potra2n738s36638,upregulated,KNO3_12h_vs_KCL_12h
Potra2n7c15738,upregulated,KNO3_12h_vs_KCL_12h
Potra2n10c20792,upregulated,KNO3_2h_vs_KCL_2h
Potra2n10c21240,upregulated,KNO3_2h_vs_KCL_2h
Potra2n10c21293,upregulated,KNO3_2h_vs_KCL_2h
Potra2n10c21610,upregulated,KNO3_2h_vs_KCL_2h
Potra2n11c23391,upregulated,KNO3_2h_vs_KCL_2h
Potra2n12c23757,upregulated,KNO3_2h_vs_KCL_2h
Potra2n12c23912,upregulated,KNO3_2h_vs_KCL_2h
Potra2n12c24465,upregulated,KNO3_2h_vs_KCL_2h
Potra2n13c25668,upregulated,KNO3_2h_vs_KCL_2h
Potra2n14c26937,upregulated,KNO3_2h_vs_KCL_2h
Potra2n14c27006,upregulated,KNO3_2h_vs_KCL_2h
Potra2n14c27135,upregulated,KNO3_2h_vs_KCL_2h
Potra2n14c27340,upregulated,KNO3_2h_vs_KCL_2h
Potra2n14c27393,upregulated,KNO3_2h_vs_KCL_2h
Potra2n14c27409,upregulated,KNO3_2h_vs_KCL_2h
Potra2n14c27478,upregulated,KNO3_2h_vs_KCL_2h
Potra2n15c27976,upregulated,KNO3_2h_vs_KCL_2h
Potra2n15c28440,upregulated,KNO3_2h_vs_KCL_2h
Potra2n15c28441,upregulated,KNO3_2h_vs_KCL_2h
Potra2n15c28480,upregulated,KNO3_2h_vs_KCL_2h
Potra2n15c28643,upregulated,KNO3_2h_vs_KCL_2h
Potra2n15c28859,upregulated,KNO3_2h_vs_KCL_2h
Potra2n16c30193,upregulated,KNO3_2h_vs_KCL_2h
Potra2n17c30668,upregulated,KNO3_2h_vs_KCL_2h
Potra2n17c31519,upregulated,KNO3_2h_vs_KCL_2h
Potra2n17c31530,upregulated,KNO3_2h_vs_KCL_2h
Potra2n17c31885,upregulated,KNO3_2h_vs_KCL_2h
Potra2n18c32125,upregulated,KNO3_2h_vs_KCL_2h
Potra2n18c32440,upregulated,KNO3_2h_vs_KCL_2h
Potra2n18c32565,upregulated,KNO3_2h_vs_KCL_2h
Potra2n199s34916,upregulated,KNO3_2h_vs_KCL_2h
Potra2n19c33457,upregulated,KNO3_2h_vs_KCL_2h
Potra2n1c1053,upregulated,KNO3_2h_vs_KCL_2h
Potra2n1c1486,upregulated,KNO3_2h_vs_KCL_2h
Potra2n1c1954,upregulated,KNO3_2h_vs_KCL_2h
Potra2n1c2120,upregulated,KNO3_2h_vs_KCL_2h
Potra2n1c2237,upregulated,KNO3_2h_vs_KCL_2h
Potra2n1c2361,upregulated,KNO3_2h_vs_KCL_2h
Potra2n1c2895,upregulated,KNO3_2h_vs_KCL_2h
Potra2n1c3167,upregulated,KNO3_2h_vs_KCL_2h
Potra2n1c318,upregulated,KNO3_2h_vs_KCL_2h
Potra2n1c322,upregulated,KNO3_2h_vs_KCL_2h
Potra2n1c3259,upregulated,KNO3_2h_vs_KCL_2h
Potra2n1c3303,upregulated,KNO3_2h_vs_KCL_2h
Potra2n1c3307,upregulated,KNO3_2h_vs_KCL_2h
Potra2n1c366,upregulated,KNO3_2h_vs_KCL_2h
Potra2n1c3844,upregulated,KNO3_2h_vs_KCL_2h
Potra2n1c494,upregulated,KNO3_2h_vs_KCL_2h
Potra2n1c496,upregulated,KNO3_2h_vs_KCL_2h
Potra2n1c679,upregulated,KNO3_2h_vs_KCL_2h
Potra2n1c685,upregulated,KNO3_2h_vs_KCL_2h
Potra2n1c723,upregulated,KNO3_2h_vs_KCL_2h
Potra2n1c796,upregulated,KNO3_2h_vs_KCL_2h
Potra2n1c827,upregulated,KNO3_2h_vs_KCL_2h
Potra2n1c831,upregulated,KNO3_2h_vs_KCL_2h
Potra2n2c4551,upregulated,KNO3_2h_vs_KCL_2h
Potra2n2c4565,upregulated,KNO3_2h_vs_KCL_2h
Potra2n2c4598,upregulated,KNO3_2h_vs_KCL_2h
Potra2n2c4957,upregulated,KNO3_2h_vs_KCL_2h
Potra2n2c5243,upregulated,KNO3_2h_vs_KCL_2h
Potra2n2c5397,upregulated,KNO3_2h_vs_KCL_2h
Potra2n2c6001,upregulated,KNO3_2h_vs_KCL_2h
Potra2n2c6137,upregulated,KNO3_2h_vs_KCL_2h
Potra2n3c6882,upregulated,KNO3_2h_vs_KCL_2h
Potra2n3c6974,upregulated,KNO3_2h_vs_KCL_2h
Potra2n3c7064,upregulated,KNO3_2h_vs_KCL_2h
Potra2n3c7270,upregulated,KNO3_2h_vs_KCL_2h
Potra2n3c7503,upregulated,KNO3_2h_vs_KCL_2h
Potra2n426s35633,upregulated,KNO3_2h_vs_KCL_2h
Potra2n4c10024,upregulated,KNO3_2h_vs_KCL_2h
Potra2n4c10074,upregulated,KNO3_2h_vs_KCL_2h
Potra2n4c10189,upregulated,KNO3_2h_vs_KCL_2h
Potra2n4c8518,upregulated,KNO3_2h_vs_KCL_2h
Potra2n4c8622,upregulated,KNO3_2h_vs_KCL_2h
Potra2n4c8639,upregulated,KNO3_2h_vs_KCL_2h
Potra2n4c9349,upregulated,KNO3_2h_vs_KCL_2h
Potra2n4c9465,upregulated,KNO3_2h_vs_KCL_2h
Potra2n4c9742,upregulated,KNO3_2h_vs_KCL_2h
Potra2n5c10502,upregulated,KNO3_2h_vs_KCL_2h
Potra2n5c11037,upregulated,KNO3_2h_vs_KCL_2h
Potra2n5c11091,upregulated,KNO3_2h_vs_KCL_2h
Potra2n5c11320,upregulated,KNO3_2h_vs_KCL_2h
Potra2n5c11357,upregulated,KNO3_2h_vs_KCL_2h
Potra2n5c11517,upregulated,KNO3_2h_vs_KCL_2h
Potra2n5c11625,upregulated,KNO3_2h_vs_KCL_2h
Potra2n5c12431,upregulated,KNO3_2h_vs_KCL_2h
Potra2n5c12621,upregulated,KNO3_2h_vs_KCL_2h
Potra2n650s36268,upregulated,KNO3_2h_vs_KCL_2h
Potra2n6c12957,upregulated,KNO3_2h_vs_KCL_2h
Potra2n6c13008,upregulated,KNO3_2h_vs_KCL_2h
Potra2n6c13502,upregulated,KNO3_2h_vs_KCL_2h
Potra2n6c14477,upregulated,KNO3_2h_vs_KCL_2h
Potra2n6c14860,upregulated,KNO3_2h_vs_KCL_2h
Potra2n6c15083,upregulated,KNO3_2h_vs_KCL_2h
Potra2n700s36526,upregulated,KNO3_2h_vs_KCL_2h
Potra2n7c15464,upregulated,KNO3_2h_vs_KCL_2h
Potra2n7c15630,upregulated,KNO3_2h_vs_KCL_2h
Potra2n7c15824,upregulated,KNO3_2h_vs_KCL_2h
Potra2n7c15864,upregulated,KNO3_2h_vs_KCL_2h
Potra2n7c16256,upregulated,KNO3_2h_vs_KCL_2h
Potra2n8c16718,upregulated,KNO3_2h_vs_KCL_2h
Potra2n8c17549,upregulated,KNO3_2h_vs_KCL_2h
Potra2n8c17602,upregulated,KNO3_2h_vs_KCL_2h
Potra2n8c18105,upregulated,KNO3_2h_vs_KCL_2h
Potra2n8c18221,upregulated,KNO3_2h_vs_KCL_2h
Potra2n9c18689,upregulated,KNO3_2h_vs_KCL_2h
Potra2n9c19145,upregulated,KNO3_2h_vs_KCL_2h
Potra2n9c19330,upregulated,KNO3_2h_vs_KCL_2h
Potra2n9c19481,upregulated,KNO3_2h_vs_KCL_2h
Potra2n9c19486,upregulated,KNO3_2h_vs_KCL_2h
Potra2n9c19654,upregulated,KNO3_2h_vs_KCL_2h
Potra2n9c19920,upregulated,KNO3_2h_vs_KCL_2h
Potra2n10c20373,downregulated,KNO3_2h_vs_KCL_2h
Potra2n10c20416,downregulated,KNO3_2h_vs_KCL_2h
Potra2n10c20757,downregulated,KNO3_2h_vs_KCL_2h
Potra2n10c21465,downregulated,KNO3_2h_vs_KCL_2h
Potra2n11c22562,downregulated,KNO3_2h_vs_KCL_2h
Potra2n12c23799,downregulated,KNO3_2h_vs_KCL_2h
Potra2n12c24072,downregulated,KNO3_2h_vs_KCL_2h
Potra2n14c26487,downregulated,KNO3_2h_vs_KCL_2h
Potra2n14c27467,downregulated,KNO3_2h_vs_KCL_2h
Potra2n15c28493,downregulated,KNO3_2h_vs_KCL_2h
Potra2n15c29046,downregulated,KNO3_2h_vs_KCL_2h
Potra2n16c29392,downregulated,KNO3_2h_vs_KCL_2h
Potra2n16c29536,downregulated,KNO3_2h_vs_KCL_2h
Potra2n17c30939,downregulated,KNO3_2h_vs_KCL_2h
Potra2n17c31393,downregulated,KNO3_2h_vs_KCL_2h
Potra2n1c3617,downregulated,KNO3_2h_vs_KCL_2h
Potra2n2c4985,downregulated,KNO3_2h_vs_KCL_2h
Potra2n2c5098,downregulated,KNO3_2h_vs_KCL_2h
Potra2n2c5524,downregulated,KNO3_2h_vs_KCL_2h
Potra2n2c6179,downregulated,KNO3_2h_vs_KCL_2h
Potra2n4c8686,downregulated,KNO3_2h_vs_KCL_2h
Potra2n5c10864,downregulated,KNO3_2h_vs_KCL_2h
Potra2n6c14263,downregulated,KNO3_2h_vs_KCL_2h
Potra2n6c15267,downregulated,KNO3_2h_vs_KCL_2h
Potra2n7c15499,downregulated,KNO3_2h_vs_KCL_2h
Potra2n7c16541,downregulated,KNO3_2h_vs_KCL_2h
Potra2n7c16596,downregulated,KNO3_2h_vs_KCL_2h
Potra2n8c17773,downregulated,KNO3_2h_vs_KCL_2h
Potra2n8c18536,downregulated,KNO3_2h_vs_KCL_2h
Potra2n9c18949,downregulated,KNO3_2h_vs_KCL_2h
Potra2n10c20512,upregulated,KNO3_4h_vs_KCL_4h
Potra2n10c20603,upregulated,KNO3_4h_vs_KCL_4h
Potra2n10c20733,upregulated,KNO3_4h_vs_KCL_4h
Potra2n10c20785,upregulated,KNO3_4h_vs_KCL_4h
Potra2n10c21465,upregulated,KNO3_4h_vs_KCL_4h
Potra2n10c21938,upregulated,KNO3_4h_vs_KCL_4h
Potra2n10c22118,upregulated,KNO3_4h_vs_KCL_4h
Potra2n10c22127,upregulated,KNO3_4h_vs_KCL_4h
Potra2n10c22148,upregulated,KNO3_4h_vs_KCL_4h
Potra2n11c22478,upregulated,KNO3_4h_vs_KCL_4h
Potra2n11c22574,upregulated,KNO3_4h_vs_KCL_4h
Potra2n11c23300,upregulated,KNO3_4h_vs_KCL_4h
Potra2n11c23325,upregulated,KNO3_4h_vs_KCL_4h
Potra2n11c23466,upregulated,KNO3_4h_vs_KCL_4h
Potra2n127s34661,upregulated,KNO3_4h_vs_KCL_4h
Potra2n12c23981,upregulated,KNO3_4h_vs_KCL_4h
Potra2n12c24414,upregulated,KNO3_4h_vs_KCL_4h
Potra2n13c25129,upregulated,KNO3_4h_vs_KCL_4h
Potra2n13c25134,upregulated,KNO3_4h_vs_KCL_4h
Potra2n13c25212,upregulated,KNO3_4h_vs_KCL_4h
Potra2n13c25215,upregulated,KNO3_4h_vs_KCL_4h
Potra2n13c25637,upregulated,KNO3_4h_vs_KCL_4h
Potra2n13c25884,upregulated,KNO3_4h_vs_KCL_4h
Potra2n13c25981,upregulated,KNO3_4h_vs_KCL_4h
Potra2n13c26189,upregulated,KNO3_4h_vs_KCL_4h
Potra2n13c26232,upregulated,KNO3_4h_vs_KCL_4h
Potra2n1408s37052,upregulated,KNO3_4h_vs_KCL_4h
Potra2n1490s37101,upregulated,KNO3_4h_vs_KCL_4h
Potra2n14c26520,upregulated,KNO3_4h_vs_KCL_4h
Potra2n14c26522,upregulated,KNO3_4h_vs_KCL_4h
Potra2n14c26589,upregulated,KNO3_4h_vs_KCL_4h
Potra2n14c26737,upregulated,KNO3_4h_vs_KCL_4h
Potra2n14c26806,upregulated,KNO3_4h_vs_KCL_4h
Potra2n14c26808,upregulated,KNO3_4h_vs_KCL_4h
Potra2n14c27101,upregulated,KNO3_4h_vs_KCL_4h
Potra2n14c27161,upregulated,KNO3_4h_vs_KCL_4h
Potra2n14c27704,upregulated,KNO3_4h_vs_KCL_4h
Potra2n154s34742,upregulated,KNO3_4h_vs_KCL_4h
Potra2n15c28127,upregulated,KNO3_4h_vs_KCL_4h
Potra2n15c28419,upregulated,KNO3_4h_vs_KCL_4h
Potra2n15c28437,upregulated,KNO3_4h_vs_KCL_4h
Potra2n15c28463,upregulated,KNO3_4h_vs_KCL_4h
Potra2n15c28464,upregulated,KNO3_4h_vs_KCL_4h
Potra2n15c28518,upregulated,KNO3_4h_vs_KCL_4h
Potra2n15c28548,upregulated,KNO3_4h_vs_KCL_4h
Potra2n15c28766,upregulated,KNO3_4h_vs_KCL_4h
Potra2n15c28935,upregulated,KNO3_4h_vs_KCL_4h
Potra2n15c29121,upregulated,KNO3_4h_vs_KCL_4h
Potra2n16c29552,upregulated,KNO3_4h_vs_KCL_4h
Potra2n16c29601,upregulated,KNO3_4h_vs_KCL_4h
Potra2n16c29633,upregulated,KNO3_4h_vs_KCL_4h
Potra2n16c29670,upregulated,KNO3_4h_vs_KCL_4h
Potra2n16c29697,upregulated,KNO3_4h_vs_KCL_4h
Potra2n16c29729,upregulated,KNO3_4h_vs_KCL_4h
Potra2n16c29840,upregulated,KNO3_4h_vs_KCL_4h
Potra2n16c29905,upregulated,KNO3_4h_vs_KCL_4h
Potra2n16c30279,upregulated,KNO3_4h_vs_KCL_4h
Potra2n16c30280,upregulated,KNO3_4h_vs_KCL_4h
Potra2n16c30327,upregulated,KNO3_4h_vs_KCL_4h
Potra2n16c30330,upregulated,KNO3_4h_vs_KCL_4h
Potra2n16c30399,upregulated,KNO3_4h_vs_KCL_4h
Potra2n16c30512,upregulated,KNO3_4h_vs_KCL_4h
Potra2n16c30557,upregulated,KNO3_4h_vs_KCL_4h
Potra2n17c30578,upregulated,KNO3_4h_vs_KCL_4h
Potra2n17c30644,upregulated,KNO3_4h_vs_KCL_4h
Potra2n17c30810,upregulated,KNO3_4h_vs_KCL_4h
Potra2n17c31107,upregulated,KNO3_4h_vs_KCL_4h
Potra2n17c31393,upregulated,KNO3_4h_vs_KCL_4h
Potra2n17c31404,upregulated,KNO3_4h_vs_KCL_4h
Potra2n17c31507,upregulated,KNO3_4h_vs_KCL_4h
Potra2n17c31708,upregulated,KNO3_4h_vs_KCL_4h
Potra2n17c31812,upregulated,KNO3_4h_vs_KCL_4h
Potra2n18c31948,upregulated,KNO3_4h_vs_KCL_4h
Potra2n18c32068,upregulated,KNO3_4h_vs_KCL_4h
Potra2n18c32115,upregulated,KNO3_4h_vs_KCL_4h
Potra2n18c32121,upregulated,KNO3_4h_vs_KCL_4h
Potra2n18c32188,upregulated,KNO3_4h_vs_KCL_4h
Potra2n18c32199,upregulated,KNO3_4h_vs_KCL_4h
Potra2n18c32976,upregulated,KNO3_4h_vs_KCL_4h
Potra2n18c33092,upregulated,KNO3_4h_vs_KCL_4h
Potra2n18c33172,upregulated,KNO3_4h_vs_KCL_4h
Potra2n19c33300,upregulated,KNO3_4h_vs_KCL_4h
Potra2n19c33458,upregulated,KNO3_4h_vs_KCL_4h
Potra2n19c33920,upregulated,KNO3_4h_vs_KCL_4h
Potra2n19c34199,upregulated,KNO3_4h_vs_KCL_4h
Potra2n19c34382,upregulated,KNO3_4h_vs_KCL_4h
Potra2n1c1022,upregulated,KNO3_4h_vs_KCL_4h
Potra2n1c1073,upregulated,KNO3_4h_vs_KCL_4h
Potra2n1c1268,upregulated,KNO3_4h_vs_KCL_4h
Potra2n1c1360,upregulated,KNO3_4h_vs_KCL_4h
Potra2n1c1476,upregulated,KNO3_4h_vs_KCL_4h
Potra2n1c1591,upregulated,KNO3_4h_vs_KCL_4h
Potra2n1c1684,upregulated,KNO3_4h_vs_KCL_4h
Potra2n1c1835,upregulated,KNO3_4h_vs_KCL_4h
Potra2n1c2007,upregulated,KNO3_4h_vs_KCL_4h
Potra2n1c2317,upregulated,KNO3_4h_vs_KCL_4h
Potra2n1c2761,upregulated,KNO3_4h_vs_KCL_4h
Potra2n1c2826,upregulated,KNO3_4h_vs_KCL_4h
Potra2n1c2934,upregulated,KNO3_4h_vs_KCL_4h
Potra2n1c3132,upregulated,KNO3_4h_vs_KCL_4h
Potra2n1c3211,upregulated,KNO3_4h_vs_KCL_4h
Potra2n1c3374,upregulated,KNO3_4h_vs_KCL_4h
Potra2n1c353,upregulated,KNO3_4h_vs_KCL_4h
Potra2n1c3583,upregulated,KNO3_4h_vs_KCL_4h
Potra2n1c3594,upregulated,KNO3_4h_vs_KCL_4h
Potra2n1c3965,upregulated,KNO3_4h_vs_KCL_4h
Potra2n1c478,upregulated,KNO3_4h_vs_KCL_4h
Potra2n1c721,upregulated,KNO3_4h_vs_KCL_4h
Potra2n1c94,upregulated,KNO3_4h_vs_KCL_4h
Potra2n1c940,upregulated,KNO3_4h_vs_KCL_4h
Potra2n203s34950,upregulated,KNO3_4h_vs_KCL_4h
Potra2n246s35110,upregulated,KNO3_4h_vs_KCL_4h
Potra2n266s35156,upregulated,KNO3_4h_vs_KCL_4h
Potra2n268s35171,upregulated,KNO3_4h_vs_KCL_4h
Potra2n2c4050,upregulated,KNO3_4h_vs_KCL_4h
Potra2n2c4406,upregulated,KNO3_4h_vs_KCL_4h
Potra2n2c4494,upregulated,KNO3_4h_vs_KCL_4h
Potra2n2c4681,upregulated,KNO3_4h_vs_KCL_4h
Potra2n2c4882,upregulated,KNO3_4h_vs_KCL_4h
Potra2n2c5045,upregulated,KNO3_4h_vs_KCL_4h
Potra2n2c5120,upregulated,KNO3_4h_vs_KCL_4h
Potra2n2c5232,upregulated,KNO3_4h_vs_KCL_4h
Potra2n2c5519,upregulated,KNO3_4h_vs_KCL_4h
Potra2n2c5606,upregulated,KNO3_4h_vs_KCL_4h
Potra2n2c5671,upregulated,KNO3_4h_vs_KCL_4h
Potra2n2c5754,upregulated,KNO3_4h_vs_KCL_4h
Potra2n2c5831,upregulated,KNO3_4h_vs_KCL_4h
Potra2n2c5915,upregulated,KNO3_4h_vs_KCL_4h
Potra2n2c5950,upregulated,KNO3_4h_vs_KCL_4h
Potra2n2c6109,upregulated,KNO3_4h_vs_KCL_4h
Potra2n2c6238,upregulated,KNO3_4h_vs_KCL_4h
Potra2n2c6308,upregulated,KNO3_4h_vs_KCL_4h
Potra2n384s35498,upregulated,KNO3_4h_vs_KCL_4h
Potra2n3c6530,upregulated,KNO3_4h_vs_KCL_4h
Potra2n3c6674,upregulated,KNO3_4h_vs_KCL_4h
Potra2n3c7124,upregulated,KNO3_4h_vs_KCL_4h
Potra2n3c7135,upregulated,KNO3_4h_vs_KCL_4h
Potra2n3c7136,upregulated,KNO3_4h_vs_KCL_4h
Potra2n3c7330,upregulated,KNO3_4h_vs_KCL_4h
Potra2n3c7504,upregulated,KNO3_4h_vs_KCL_4h
Potra2n3c7551,upregulated,KNO3_4h_vs_KCL_4h
Potra2n3c7734,upregulated,KNO3_4h_vs_KCL_4h
Potra2n3c8098,upregulated,KNO3_4h_vs_KCL_4h
Potra2n3c8123,upregulated,KNO3_4h_vs_KCL_4h
Potra2n3c8154,upregulated,KNO3_4h_vs_KCL_4h
Potra2n3c8346,upregulated,KNO3_4h_vs_KCL_4h
Potra2n4c10054,upregulated,KNO3_4h_vs_KCL_4h
Potra2n4c10071,upregulated,KNO3_4h_vs_KCL_4h
Potra2n4c10459,upregulated,KNO3_4h_vs_KCL_4h
Potra2n4c8729,upregulated,KNO3_4h_vs_KCL_4h
Potra2n4c8834,upregulated,KNO3_4h_vs_KCL_4h
Potra2n4c8905,upregulated,KNO3_4h_vs_KCL_4h
Potra2n4c9079,upregulated,KNO3_4h_vs_KCL_4h
Potra2n4c9102,upregulated,KNO3_4h_vs_KCL_4h
Potra2n4c9412,upregulated,KNO3_4h_vs_KCL_4h
Potra2n4c9589,upregulated,KNO3_4h_vs_KCL_4h
Potra2n4c9590,upregulated,KNO3_4h_vs_KCL_4h
Potra2n4c9619,upregulated,KNO3_4h_vs_KCL_4h
Potra2n4c9690,upregulated,KNO3_4h_vs_KCL_4h
Potra2n4c9696,upregulated,KNO3_4h_vs_KCL_4h
Potra2n5c10936,upregulated,KNO3_4h_vs_KCL_4h
Potra2n5c11618,upregulated,KNO3_4h_vs_KCL_4h
Potra2n5c11696,upregulated,KNO3_4h_vs_KCL_4h
Potra2n5c11746,upregulated,KNO3_4h_vs_KCL_4h
Potra2n5c11916,upregulated,KNO3_4h_vs_KCL_4h
Potra2n5c11919,upregulated,KNO3_4h_vs_KCL_4h
Potra2n5c12114,upregulated,KNO3_4h_vs_KCL_4h
Potra2n5c12343,upregulated,KNO3_4h_vs_KCL_4h
Potra2n5c12509,upregulated,KNO3_4h_vs_KCL_4h
Potra2n5c12529,upregulated,KNO3_4h_vs_KCL_4h
Potra2n5c12551,upregulated,KNO3_4h_vs_KCL_4h
Potra2n5c12559,upregulated,KNO3_4h_vs_KCL_4h
Potra2n5c12694,upregulated,KNO3_4h_vs_KCL_4h
Potra2n633s36227,upregulated,KNO3_4h_vs_KCL_4h
Potra2n6c13118,upregulated,KNO3_4h_vs_KCL_4h
Potra2n6c13170,upregulated,KNO3_4h_vs_KCL_4h
Potra2n6c13197,upregulated,KNO3_4h_vs_KCL_4h
Potra2n6c13785,upregulated,KNO3_4h_vs_KCL_4h
Potra2n6c14095,upregulated,KNO3_4h_vs_KCL_4h
Potra2n6c14312,upregulated,KNO3_4h_vs_KCL_4h
Potra2n6c14333,upregulated,KNO3_4h_vs_KCL_4h
Potra2n6c14360,upregulated,KNO3_4h_vs_KCL_4h
Potra2n6c14364,upregulated,KNO3_4h_vs_KCL_4h
Potra2n6c14421,upregulated,KNO3_4h_vs_KCL_4h
Potra2n6c14433,upregulated,KNO3_4h_vs_KCL_4h
Potra2n6c14482,upregulated,KNO3_4h_vs_KCL_4h
Potra2n6c14534,upregulated,KNO3_4h_vs_KCL_4h
Potra2n6c14579,upregulated,KNO3_4h_vs_KCL_4h
Potra2n6c14752,upregulated,KNO3_4h_vs_KCL_4h
Potra2n6c14819,upregulated,KNO3_4h_vs_KCL_4h
Potra2n6c14936,upregulated,KNO3_4h_vs_KCL_4h
Potra2n6c15267,upregulated,KNO3_4h_vs_KCL_4h
Potra2n747s36676,upregulated,KNO3_4h_vs_KCL_4h
Potra2n799s36770,upregulated,KNO3_4h_vs_KCL_4h
Potra2n7c15783,upregulated,KNO3_4h_vs_KCL_4h
Potra2n7c16104,upregulated,KNO3_4h_vs_KCL_4h
Potra2n7c16146,upregulated,KNO3_4h_vs_KCL_4h
Potra2n7c16179,upregulated,KNO3_4h_vs_KCL_4h
Potra2n7c16259,upregulated,KNO3_4h_vs_KCL_4h
Potra2n7c16327,upregulated,KNO3_4h_vs_KCL_4h
Potra2n7c16596,upregulated,KNO3_4h_vs_KCL_4h
Potra2n81s34499,upregulated,KNO3_4h_vs_KCL_4h
Potra2n8c16846,upregulated,KNO3_4h_vs_KCL_4h
Potra2n8c16931,upregulated,KNO3_4h_vs_KCL_4h
Potra2n8c16935,upregulated,KNO3_4h_vs_KCL_4h
Potra2n8c16964,upregulated,KNO3_4h_vs_KCL_4h
Potra2n8c17135,upregulated,KNO3_4h_vs_KCL_4h
Potra2n8c17154,upregulated,KNO3_4h_vs_KCL_4h
Potra2n8c17168,upregulated,KNO3_4h_vs_KCL_4h
Potra2n8c17414,upregulated,KNO3_4h_vs_KCL_4h
Potra2n8c17513,upregulated,KNO3_4h_vs_KCL_4h
Potra2n8c17703,upregulated,KNO3_4h_vs_KCL_4h
Potra2n8c17746,upregulated,KNO3_4h_vs_KCL_4h
Potra2n8c17748,upregulated,KNO3_4h_vs_KCL_4h
Potra2n8c18018,upregulated,KNO3_4h_vs_KCL_4h
Potra2n8c18085,upregulated,KNO3_4h_vs_KCL_4h
Potra2n8c18092,upregulated,KNO3_4h_vs_KCL_4h
Potra2n8c18351,upregulated,KNO3_4h_vs_KCL_4h
Potra2n8c18353,upregulated,KNO3_4h_vs_KCL_4h
Potra2n8c18414,upregulated,KNO3_4h_vs_KCL_4h
Potra2n8c18476,upregulated,KNO3_4h_vs_KCL_4h
Potra2n8c18536,upregulated,KNO3_4h_vs_KCL_4h
Potra2n9c18681,upregulated,KNO3_4h_vs_KCL_4h
Potra2n9c18813,upregulated,KNO3_4h_vs_KCL_4h
Potra2n9c18854,upregulated,KNO3_4h_vs_KCL_4h
Potra2n9c18949,upregulated,KNO3_4h_vs_KCL_4h
Potra2n9c19054,upregulated,KNO3_4h_vs_KCL_4h
Potra2n9c19089,upregulated,KNO3_4h_vs_KCL_4h
Potra2n9c19157,upregulated,KNO3_4h_vs_KCL_4h
Potra2n9c19172,upregulated,KNO3_4h_vs_KCL_4h
Potra2n9c19332,upregulated,KNO3_4h_vs_KCL_4h
Potra2n9c19376,upregulated,KNO3_4h_vs_KCL_4h
Potra2n9c19482,upregulated,KNO3_4h_vs_KCL_4h
Potra2n9c20067,upregulated,KNO3_4h_vs_KCL_4h
Potra2n10c20389,downregulated,KNO3_4h_vs_KCL_4h
Potra2n10c21184,downregulated,KNO3_4h_vs_KCL_4h
Potra2n10c21724,downregulated,KNO3_4h_vs_KCL_4h
Potra2n10c21764,downregulated,KNO3_4h_vs_KCL_4h
Potra2n10c22278,downregulated,KNO3_4h_vs_KCL_4h
Potra2n11c23103,downregulated,KNO3_4h_vs_KCL_4h
Potra2n11c23195,downregulated,KNO3_4h_vs_KCL_4h
Potra2n11c23397,downregulated,KNO3_4h_vs_KCL_4h
Potra2n12c23847,downregulated,KNO3_4h_vs_KCL_4h
Potra2n12c24301,downregulated,KNO3_4h_vs_KCL_4h
Potra2n12c24399,downregulated,KNO3_4h_vs_KCL_4h
Potra2n12c24798,downregulated,KNO3_4h_vs_KCL_4h
Potra2n13c25019,downregulated,KNO3_4h_vs_KCL_4h
Potra2n13c25021,downregulated,KNO3_4h_vs_KCL_4h
Potra2n14c26346,downregulated,KNO3_4h_vs_KCL_4h
Potra2n14c26485,downregulated,KNO3_4h_vs_KCL_4h
Potra2n14c26583,downregulated,KNO3_4h_vs_KCL_4h
Potra2n14c27117,downregulated,KNO3_4h_vs_KCL_4h
Potra2n14c27119,downregulated,KNO3_4h_vs_KCL_4h
Potra2n14c27463,downregulated,KNO3_4h_vs_KCL_4h
Potra2n14c27570,downregulated,KNO3_4h_vs_KCL_4h
Potra2n15c29105,downregulated,KNO3_4h_vs_KCL_4h
Potra2n15c29208,downregulated,KNO3_4h_vs_KCL_4h
Potra2n16c29236,downregulated,KNO3_4h_vs_KCL_4h
Potra2n16c29649,downregulated,KNO3_4h_vs_KCL_4h
Potra2n16c30328,downregulated,KNO3_4h_vs_KCL_4h
Potra2n17c30664,downregulated,KNO3_4h_vs_KCL_4h
Potra2n17c31035,downregulated,KNO3_4h_vs_KCL_4h
Potra2n18c32725,downregulated,KNO3_4h_vs_KCL_4h
Potra2n19c33344,downregulated,KNO3_4h_vs_KCL_4h
Potra2n19c33346,downregulated,KNO3_4h_vs_KCL_4h
Potra2n19c34115,downregulated,KNO3_4h_vs_KCL_4h
Potra2n19c34121,downregulated,KNO3_4h_vs_KCL_4h
Potra2n19c34342,downregulated,KNO3_4h_vs_KCL_4h
Potra2n1c2150,downregulated,KNO3_4h_vs_KCL_4h
Potra2n1c2551,downregulated,KNO3_4h_vs_KCL_4h
Potra2n1c3485,downregulated,KNO3_4h_vs_KCL_4h
Potra2n1c3762,downregulated,KNO3_4h_vs_KCL_4h
Potra2n1c463,downregulated,KNO3_4h_vs_KCL_4h
Potra2n1c922,downregulated,KNO3_4h_vs_KCL_4h
Potra2n2c5022,downregulated,KNO3_4h_vs_KCL_4h
Potra2n2c5528,downregulated,KNO3_4h_vs_KCL_4h
Potra2n2c5687,downregulated,KNO3_4h_vs_KCL_4h
Potra2n2c5705,downregulated,KNO3_4h_vs_KCL_4h
Potra2n3c6472,downregulated,KNO3_4h_vs_KCL_4h
Potra2n3c6894,downregulated,KNO3_4h_vs_KCL_4h
Potra2n3c7089,downregulated,KNO3_4h_vs_KCL_4h
Potra2n3c7161,downregulated,KNO3_4h_vs_KCL_4h
Potra2n3c7593,downregulated,KNO3_4h_vs_KCL_4h
Potra2n3c7785,downregulated,KNO3_4h_vs_KCL_4h
Potra2n3c8258,downregulated,KNO3_4h_vs_KCL_4h
Potra2n420s35610,downregulated,KNO3_4h_vs_KCL_4h
Potra2n4c10260,downregulated,KNO3_4h_vs_KCL_4h
Potra2n4c8489,downregulated,KNO3_4h_vs_KCL_4h
Potra2n4c8731,downregulated,KNO3_4h_vs_KCL_4h
Potra2n4c9502,downregulated,KNO3_4h_vs_KCL_4h
Potra2n4c9506,downregulated,KNO3_4h_vs_KCL_4h
Potra2n4c9507,downregulated,KNO3_4h_vs_KCL_4h
Potra2n4c9841,downregulated,KNO3_4h_vs_KCL_4h
Potra2n5c10819,downregulated,KNO3_4h_vs_KCL_4h
Potra2n5c10985,downregulated,KNO3_4h_vs_KCL_4h
Potra2n5c11114,downregulated,KNO3_4h_vs_KCL_4h
Potra2n5c11223,downregulated,KNO3_4h_vs_KCL_4h
Potra2n5c11771,downregulated,KNO3_4h_vs_KCL_4h
Potra2n5c12138,downregulated,KNO3_4h_vs_KCL_4h
Potra2n680s36424,downregulated,KNO3_4h_vs_KCL_4h
Potra2n681s36450,downregulated,KNO3_4h_vs_KCL_4h
Potra2n699s36524,downregulated,KNO3_4h_vs_KCL_4h
Potra2n6c13626,downregulated,KNO3_4h_vs_KCL_4h
Potra2n6c13814,downregulated,KNO3_4h_vs_KCL_4h
Potra2n6c13940,downregulated,KNO3_4h_vs_KCL_4h
Potra2n6c14432,downregulated,KNO3_4h_vs_KCL_4h
Potra2n6c15012,downregulated,KNO3_4h_vs_KCL_4h
Potra2n6c15061,downregulated,KNO3_4h_vs_KCL_4h
Potra2n6c15114,downregulated,KNO3_4h_vs_KCL_4h
Potra2n7c15924,downregulated,KNO3_4h_vs_KCL_4h
Potra2n7c16290,downregulated,KNO3_4h_vs_KCL_4h
Potra2n7c16357,downregulated,KNO3_4h_vs_KCL_4h
Potra2n7c16624,downregulated,KNO3_4h_vs_KCL_4h
Potra2n81s34501,downregulated,KNO3_4h_vs_KCL_4h
Potra2n8c16727,downregulated,KNO3_4h_vs_KCL_4h
Potra2n8c16766,downregulated,KNO3_4h_vs_KCL_4h
Potra2n8c17636,downregulated,KNO3_4h_vs_KCL_4h
Potra2n8c17679,downregulated,KNO3_4h_vs_KCL_4h
Potra2n8c18047,downregulated,KNO3_4h_vs_KCL_4h
Potra2n8c18152,downregulated,KNO3_4h_vs_KCL_4h
Potra2n9c19066,downregulated,KNO3_4h_vs_KCL_4h
Potra2n9c19357,downregulated,KNO3_4h_vs_KCL_4h
Potra2n9c19489,downregulated,KNO3_4h_vs_KCL_4h
Potra2n9c19656,downregulated,KNO3_4h_vs_KCL_4h
Potra2n9c19776,downregulated,KNO3_4h_vs_KCL_4h
Potra2n9c20009,downregulated,KNO3_4h_vs_KCL_4h
Potra2n1c1724,upregulated,KNO3_8h_vs_KCL_8h
Potra2n2c4816,upregulated,KNO3_8h_vs_KCL_8h
Potra2n10c20512,downregulated,KNO3_8h_vs_KCL_8h
Potra2n10c20602,downregulated,KNO3_8h_vs_KCL_8h
Potra2n10c20603,downregulated,KNO3_8h_vs_KCL_8h
Potra2n10c22127,downregulated,KNO3_8h_vs_KCL_8h
Potra2n10c22155,downregulated,KNO3_8h_vs_KCL_8h
Potra2n10c22200,downregulated,KNO3_8h_vs_KCL_8h
Potra2n11c22391,downregulated,KNO3_8h_vs_KCL_8h
Potra2n11c22450,downregulated,KNO3_8h_vs_KCL_8h
Potra2n11c22566,downregulated,KNO3_8h_vs_KCL_8h
Potra2n125s34633,downregulated,KNO3_8h_vs_KCL_8h
Potra2n12c24315,downregulated,KNO3_8h_vs_KCL_8h
Potra2n13c25099,downregulated,KNO3_8h_vs_KCL_8h
Potra2n13c25348,downregulated,KNO3_8h_vs_KCL_8h
Potra2n14c26606,downregulated,KNO3_8h_vs_KCL_8h
Potra2n14c26863,downregulated,KNO3_8h_vs_KCL_8h
Potra2n14c27366,downregulated,KNO3_8h_vs_KCL_8h
Potra2n154s34742,downregulated,KNO3_8h_vs_KCL_8h
Potra2n15c28122,downregulated,KNO3_8h_vs_KCL_8h
Potra2n15c28518,downregulated,KNO3_8h_vs_KCL_8h
Potra2n15c28995,downregulated,KNO3_8h_vs_KCL_8h
Potra2n16c30119,downregulated,KNO3_8h_vs_KCL_8h
Potra2n17c31070,downregulated,KNO3_8h_vs_KCL_8h
Potra2n17c31708,downregulated,KNO3_8h_vs_KCL_8h
Potra2n18c32873,downregulated,KNO3_8h_vs_KCL_8h
Potra2n19c33300,downregulated,KNO3_8h_vs_KCL_8h
Potra2n19c33630,downregulated,KNO3_8h_vs_KCL_8h
Potra2n19c33806,downregulated,KNO3_8h_vs_KCL_8h
Potra2n19c34461,downregulated,KNO3_8h_vs_KCL_8h
Potra2n19c34464,downregulated,KNO3_8h_vs_KCL_8h
Potra2n1c1212,downregulated,KNO3_8h_vs_KCL_8h
Potra2n1c1406,downregulated,KNO3_8h_vs_KCL_8h
Potra2n1c1484,downregulated,KNO3_8h_vs_KCL_8h
Potra2n1c1591,downregulated,KNO3_8h_vs_KCL_8h
Potra2n1c2577,downregulated,KNO3_8h_vs_KCL_8h
Potra2n1c2838,downregulated,KNO3_8h_vs_KCL_8h
Potra2n1c3711,downregulated,KNO3_8h_vs_KCL_8h
Potra2n1c3716,downregulated,KNO3_8h_vs_KCL_8h
Potra2n1c3955,downregulated,KNO3_8h_vs_KCL_8h
Potra2n1c478,downregulated,KNO3_8h_vs_KCL_8h
Potra2n1c831,downregulated,KNO3_8h_vs_KCL_8h
Potra2n1c889,downregulated,KNO3_8h_vs_KCL_8h
Potra2n246s35110,downregulated,KNO3_8h_vs_KCL_8h
Potra2n2c4050,downregulated,KNO3_8h_vs_KCL_8h
Potra2n2c5137,downregulated,KNO3_8h_vs_KCL_8h
Potra2n2c6134,downregulated,KNO3_8h_vs_KCL_8h
Potra2n377s35475,downregulated,KNO3_8h_vs_KCL_8h
Potra2n3c6613,downregulated,KNO3_8h_vs_KCL_8h
Potra2n3c6614,downregulated,KNO3_8h_vs_KCL_8h
Potra2n3c6694,downregulated,KNO3_8h_vs_KCL_8h
Potra2n3c6760,downregulated,KNO3_8h_vs_KCL_8h
Potra2n3c6889,downregulated,KNO3_8h_vs_KCL_8h
Potra2n3c6940,downregulated,KNO3_8h_vs_KCL_8h
Potra2n3c6981,downregulated,KNO3_8h_vs_KCL_8h
Potra2n3c7330,downregulated,KNO3_8h_vs_KCL_8h
Potra2n3c7341,downregulated,KNO3_8h_vs_KCL_8h
Potra2n3c8098,downregulated,KNO3_8h_vs_KCL_8h
Potra2n495s35812,downregulated,KNO3_8h_vs_KCL_8h
Potra2n4c10098,downregulated,KNO3_8h_vs_KCL_8h
Potra2n4c10189,downregulated,KNO3_8h_vs_KCL_8h
Potra2n4c10281,downregulated,KNO3_8h_vs_KCL_8h
Potra2n4c8435,downregulated,KNO3_8h_vs_KCL_8h
Potra2n4c8834,downregulated,KNO3_8h_vs_KCL_8h
Potra2n4c8905,downregulated,KNO3_8h_vs_KCL_8h
Potra2n4c9043,downregulated,KNO3_8h_vs_KCL_8h
Potra2n4c9135,downregulated,KNO3_8h_vs_KCL_8h
Potra2n4c9643,downregulated,KNO3_8h_vs_KCL_8h
Potra2n4c9690,downregulated,KNO3_8h_vs_KCL_8h
Potra2n4c9733,downregulated,KNO3_8h_vs_KCL_8h
Potra2n5c10826,downregulated,KNO3_8h_vs_KCL_8h
Potra2n5c10888,downregulated,KNO3_8h_vs_KCL_8h
Potra2n5c11136,downregulated,KNO3_8h_vs_KCL_8h
Potra2n5c11696,downregulated,KNO3_8h_vs_KCL_8h
Potra2n5c12474,downregulated,KNO3_8h_vs_KCL_8h
Potra2n5c12551,downregulated,KNO3_8h_vs_KCL_8h
Potra2n6c13197,downregulated,KNO3_8h_vs_KCL_8h
Potra2n6c13323,downregulated,KNO3_8h_vs_KCL_8h
Potra2n6c13596,downregulated,KNO3_8h_vs_KCL_8h
Potra2n6c14438,downregulated,KNO3_8h_vs_KCL_8h
Potra2n6c14603,downregulated,KNO3_8h_vs_KCL_8h
Potra2n6c14908,downregulated,KNO3_8h_vs_KCL_8h
Potra2n6c15063,downregulated,KNO3_8h_vs_KCL_8h
Potra2n7c16179,downregulated,KNO3_8h_vs_KCL_8h
Potra2n7c16449,downregulated,KNO3_8h_vs_KCL_8h
Potra2n7c16489,downregulated,KNO3_8h_vs_KCL_8h
Potra2n819s36800,downregulated,KNO3_8h_vs_KCL_8h
Potra2n8c16935,downregulated,KNO3_8h_vs_KCL_8h
Potra2n8c17135,downregulated,KNO3_8h_vs_KCL_8h
Potra2n8c17168,downregulated,KNO3_8h_vs_KCL_8h
Potra2n8c17940,downregulated,KNO3_8h_vs_KCL_8h
Potra2n8c18075,downregulated,KNO3_8h_vs_KCL_8h
Potra2n9c19485,downregulated,KNO3_8h_vs_KCL_8h
